1063,3355,5996
1190,8479,2125
2339,6293,9980
2792,8093,9151
4733,9252,7116
6235,7234,9397
6601,9853,8605
10487,5410,5804
11827,2239,9919
13232,1028,5557
14145,2950,563
19051,7403,1880
19981,6299,3977
20480,7076,655
20805,5979,4232
21290,8837,6302
21337,6047,2388
22435,2776,5503
22668,4154,3782
23010,4666,335
23188,9765,4045
23258,4365,5883
24443,5888,9782
26700,2426,3158
26722,2872,6693
26739,8411,1509
27453,6071,8119
28483,3978,3176
29422,9666,8999
31382,7756,7649
33985,9122,4507
34835,7210,7326
35141,5354,5597
35271,8172,4462
35686,917,1493
36853,4357,4408
37258,6207,9831
37901,3886,9929
38131,1197,4197
38566,7436,4844
38759,6486,5076
39077,457,7455
41213,150,4353
41397,2766,5926
41627,4259,2407
42154,3568,166
42241,8747,1848
42429,8635,179
43454,301,4159
45468,9711,6737
45636,8765,5285
47260,2152,2871
48984,593,1400
49465,9606,9497
50302,7817,2802
50652,4961,9296
50940,7184,4530
54759,2110,9974
56103,7426,721
58015,5131,7608
59994,6291,471
60151,5850,5758
61376,508,4801
62263,6850,4318
64851,1544,6714
65413,5832,593
66825,9767,9860
67315,7086,4277
67631,2157,6775
68754,1452,963
68790,2053,9540
69471,1905,2936
70275,8238,7263
70993,8382,7822
72407,3398,5655
74848,8178,866
75238,7446,1404
76316,9259,7136
78250,3194,786
79587,4952,8222
79743,5015,7005
80035,8056,296
81820,1266,698
82758,6256,5396
85812,6499,5684
87521,7515,2022
88726,2410,683
88826,1139,6387
88939,5057,9831
89277,3872,4763
89722,3108,6939
90278,1738,4292
90441,2865,7315
90715,7957,6172
91115,2168,1130
92361,3339,9880
92385,6903,2681
92982,1498,8982
93114,1868,9982
93239,8444,5958
94216,9379,5302
94260,230,6070
97366,6646,9280
97636,8113,6669
98138,2546,6798
99122,7690,789
99217,9375,1602
101014,3218,3996
101549,2842,873
101738,4537,1970
102088,2673,6460
103288,819,6300
106298,2609,6023
107624,1055,3550
108150,3751,9027
108560,2420,4549
109063,6729,1065
109146,860,6992
109481,4951,8432
110507,8370,6816
111657,7747,3841
112025,9266,438
112241,9966,3838
112982,2785,3911
114554,4159,5256
114711,5130,5193
116222,4102,3578
116328,9150,6677
117699,5341,485
119954,1739,2940
120912,4269,9039
122253,2653,5965
122453,8025,1371
123684,1736,5138
124459,4780,1255
125251,363,3122
125946,2996,926
126337,3274,572
126888,2831,9966
128259,8592,9957
130354,5448,9925
132191,2657,1622
132274,944,6407
132524,2007,4387
135109,337,8783
135625,8476,4168
135749,6904,8017
136977,9981,188
136991,856,2932
137722,2936,9839
138419,4582,1430
138650,5722,7878
138857,3221,5146
139750,9482,5558
140048,7748,1250
141053,8088,4745
142421,6647,5174
143091,5495,4554
143979,6969,3570
144051,9569,7914
144077,8325,1375
144813,3792,5383
145901,7494,8029
145965,1455,3520
148816,4444,8243
149008,1390,6733
151040,3165,9303
151481,2518,2380
152068,4234,909
152072,5155,7866
152203,2148,1203
153151,8023,1656
153344,3537,1308
154427,9710,3458
154946,4372,813
157839,3007,3528
157865,7663,4439
159962,588,1377
159991,2209,2332
163889,8544,1336
166651,5356,90
169251,2775,3816
169792,2115,878
170192,1011,970
171409,6528,4190
171649,7078,3723
171703,1116,2618
172277,7638,53
172528,2990,3728
173388,6604,7646
176499,4825,5436
176525,3205,9643
177756,9314,8195
178063,8109,3504
178892,2443,4538
179553,3156,3969
184064,5460,8894
184551,8056,7362
184726,8210,2162
185944,2849,7407
187253,8165,4166
187454,2519,4428
191232,2650,356
196464,5065,6396
197076,1656,9449
197500,2217,8569
197565,8608,5727
197841,3975,3843
200648,5417,3076
201330,3276,1909
201353,3,7482
201598,5568,7928
201678,7126,2716
202574,2571,6558
204726,2261,3344
205037,3492,367
206856,4332,1375
207154,4195,1373
209690,2505,5677
210227,8192,9958
210549,3019,4957
210981,925,1933
212114,5559,4658
212128,3247,3950
214379,2327,6939
214437,8380,164
214529,5665,2351
214622,582,2768
215464,7401,9788
215797,5976,423
216347,1285,1262
216601,998,7523
217705,9769,1302
218423,6765,2923
218499,2219,9477
218904,6296,8176
220202,4259,8605
220617,6979,7860
221395,5576,4953
221708,853,8903
222889,8895,2248
223279,7096,6712
224281,7725,3429
224780,8821,3533
225772,5048,2673
226854,2398,3790
227107,2962,558
228233,7624,2629
229573,8258,9174
230288,4101,630
232081,9325,6714
232898,9262,5215
233954,8894,7698
237084,9521,7054
238132,5998,6076
238203,9282,6385
239513,8662,3899
240435,3467,5247
241552,7615,1064
242852,2688,4044
243180,6561,1081
243664,9979,1809
244575,7184,6852
245198,7550,4490
247017,7262,6261
249362,8077,7336
249649,5113,3156
251370,4968,4043
252721,2454,7361
254973,9412,6266
256309,9444,7347
258113,1445,5663
258240,3927,1945
258576,9408,7313
262498,4319,8828
263772,7083,8809
264378,855,2989
265110,2462,9010
266562,466,5350
266808,3495,4566
267196,2191,4214
269218,1270,1486
270942,837,6776
271060,9421,5198
271135,9057,5709
271174,2135,4142
273236,8976,7974
273791,3158,4428
274385,7960,6188
275121,230,8368
275758,9073,9961
277045,4682,2210
278014,6939,9488
278040,9499,3692
278926,6306,3895
278974,5401,2589
278986,1452,9238
279591,8414,1709
280477,8927,2702
280829,4460,2808
281224,1829,1374
281277,7250,9974
281445,1283,2874
282014,1505,8906
282051,5804,9776
282426,4528,1376
282541,590,9245
284210,3653,3656
284328,2334,4329
284859,7906,5072
284978,2382,7418
285979,8699,1612
286420,5466,6273
287209,6176,4752
287582,1876,4876
289381,5054,6160
289991,1640,5972
292566,5885,762
293338,2103,7536
293526,2106,7959
294945,9418,7167
295227,1295,1287
295812,8587,2551
296389,9533,4582
296607,7413,4541
296959,9091,3744
298249,8775,7106
298986,935,7713
299169,8951,6555
302039,7498,2279
302381,1454,1351
302472,9554,8027
303167,93,380
303185,694,4391
304101,5307,8338
305035,4322,6783
305304,3825,7338
305610,3870,9954
305795,4849,462
306346,3218,9742
307392,8645,8011
307553,3552,2818
307573,9481,8997
310208,6204,2243
310241,5849,5689
310438,6658,7631
311580,1681,5627
311938,4094,4127
312033,3177,3367
314460,4549,4563
315274,1267,4414
315883,1284,2747
319575,3610,9363
320840,2579,4526
323867,5495,4182
324714,9571,4297
325248,8067,3750
327685,9011,569
329255,6765,3178
329291,7884,8684
331160,5843,1528
336366,3072,7289
336895,9113,8246
337408,3091,9656
337741,3233,9929
337803,3769,8474
338930,2499,3836
339586,9133,5538
340380,1742,6085
343063,4972,3133
343317,9625,1600
343880,1541,3987
345792,8693,2670
345906,1297,8533
346546,1989,3312
346826,2013,4328
346853,5801,1796
348414,8226,5988
351113,3639,4781
353935,4450,5662
357424,6279,6119
357473,184,1167
357642,7245,9130
360068,1295,8844
360514,7920,2882
360772,6240,5666
361338,1861,7046
363508,5900,5693
364623,9984,3694
366958,2025,5318
367761,5713,4579
368203,9605,3631
371143,2133,7737
372106,6579,9795
373406,5551,9978
373679,6824,6902
373683,9229,3031
374245,2353,1108
374888,6291,2380
375413,4527,4357
376026,886,4068
376054,3689,1491
376614,2364,5726
376689,1660,6248
377735,8575,8391
378375,743,988
378876,7796,8770
379953,5672,9715
383178,4035,9842
383468,2007,5363
383583,2042,9278
384391,8417,8025
385351,6626,3804
385604,8496,3644
385672,7964,3716
385968,5772,5919
386674,2284,6010
386891,1683,6032
390008,1782,7771
390161,7153,8501
390615,7873,4816
390619,8880,5948
391870,7422,3752
394947,2805,6462
398424,1275,1117
398891,1586,7607
398896,8737,7202
400374,5604,2695
403053,6260,5650
403687,7270,8072
403987,9855,9007
404364,8670,1563
405988,7634,4291
406024,2050,797
406250,2437,8179
407172,1932,9843
411178,1401,9929
414187,2203,1620
414816,2294,395
415164,3350,6723
415248,4177,7157
415423,6995,3590
415996,440,5256
416724,4516,7540
416858,4678,8227
417078,4184,6535
417306,3350,496
420354,5276,1697
422031,3857,3572
423963,1183,9136
424335,6687,423
425272,2943,4416
425373,9770,5202
425862,118,8788
426771,8105,5543
427965,8208,6543
428338,7740,6303
429782,1747,4949
429890,4295,3942
431295,9674,7869
433908,900,2557
435393,691,1131
435680,3252,3347
435866,4763,9261
436943,235,6875
436948,3800,7670
437168,756,3638
437495,7016,6194
437673,1105,2783
440252,1292,2488
442071,8330,790
442188,5982,418
446008,1137,731
446087,7471,3782
447276,8002,1241
448232,3680,2923
448742,7619,3541
451543,9144,4086
453015,3641,6297
456871,8200,585
457879,942,5965
459046,7211,1200
460035,4894,9039
463710,598,611
464452,986,2964
465273,5592,6679
465574,5407,5306
468437,3147,1974
469016,5591,8735
469304,9970,8510
469456,2030,4830
472627,6802,6694
473537,3901,9671
474149,4579,9409
475015,5703,8733
475105,7020,5769
476146,7639,6632
476874,5338,7620
477212,1224,2537
478474,5032,6911
478477,942,8325
478840,8815,1625
479541,3726,8370
481834,4773,2846
483032,5811,7233
484661,1607,3371
485549,3943,584
486235,1862,4324
491196,7123,7847
493441,7398,6363
494148,7574,4212
496351,6964,6399
498077,9331,5214
498839,4366,7236
500173,1486,5740
502802,873,7570
504238,4110,1086
504327,2220,4020
507604,9326,219
507754,7052,2214
508155,6051,9433
508783,206,3041
509743,8479,9566
510063,5038,9476
511125,6080,2485
512722,9957,402
514916,8682,7494
516749,3476,4927
517852,6913,9731
518471,2714,496
519349,2465,1392
519999,1032,5357
521079,6674,8551
521953,6689,564
522042,8692,1074
523314,1842,6731
523690,2692,915
524172,8494,4567
524928,9344,1215
525111,820,299
531156,1981,7917
531288,9485,9521
531417,3724,6630
532091,9025,6649
534127,6915,4328
537874,3160,8901
539142,1354,5639
540736,7266,535
541246,9920,6200
542210,3198,5746
543376,6491,1751
544152,5145,3918
544396,7624,5249
544731,2120,1707
546563,822,7829
546827,3117,3372
549898,4910,2770
550082,523,4408
551465,2937,6759
551683,5708,7416
552883,7790,6760
552999,7149,5674
553153,9796,372
554804,6932,5940
557098,7389,8449
557627,4847,1439
558282,5925,4483
559063,1450,3202
559589,6688,9743
561303,2547,7346
561812,171,7440
562285,8838,4367
562561,5536,7827
563712,829,422
563955,9670,8095
564037,4539,4295
564452,1937,2992
565601,4911,1343
569250,7780,2332
569510,3111,365
571287,9809,9710
573675,74,3728
575665,5597,9366
576726,4546,1244
579855,5174,6842
582170,390,5640
583983,4246,3118
587270,6599,5737
587345,8988,3638
587643,6793,4056
587999,1468,6763
588628,8220,6984
591430,1711,2313
593626,657,7714
594073,468,6070
594924,8453,4715
595692,7996,754
596814,7723,585
597228,8232,2813
598729,5599,2464
599067,9504,3994
599869,9672,3297
600289,1367,9084
601224,8372,9346
601263,8888,3973
601433,9099,2849
603844,1942,4065
605392,4339,2630
606873,9116,2343
607468,7387,2107
609513,7804,2571
613588,4489,2043
613591,4175,9205
614202,8594,8607
614344,6450,5405
615512,5752,811
618949,5389,2075
620051,6149,539
621932,4349,4363
622164,3515,7854
624038,1484,937
624343,2398,8115
624705,3576,858
624834,9882,7286
625613,6946,8104
626723,6112,5875
627153,9447,1307
627434,7142,613
627519,7354,8882
628385,1366,486
630584,7095,7981
631486,3860,2505
632597,397,4378
632890,9918,2156
633341,1852,3399
633401,1032,3967
634212,9583,8734
635635,914,3392
636084,6868,8618
636339,796,3088
637031,8456,7973
637050,2220,8716
637717,8402,6905
638771,1757,4102
639074,2203,6630
639079,504,6863
640815,5549,8597
641371,9617,7622
645258,657,9942
645774,9637,4928
646232,4144,363
648775,4624,2244
649382,9043,3
649768,5648,2597
651373,9195,5009
651823,703,3745
651986,3043,5646
654580,3187,3990
658285,506,6863
660284,5382,2857
661115,1489,4546
661760,6547,4150
661963,3693,480
664910,3774,4984
666626,7542,572
666911,8176,4780
667715,1408,4519
669349,2941,7277
669655,4533,5127
672036,7449,4242
672242,3661,8646
672365,1557,5908
672602,5617,6804
672901,8523,8477
674078,3170,7642
676016,814,2642
676413,3547,1913
678832,6797,8633
679287,1811,4392
680108,3175,1620
680703,2273,9182
680995,3773,8879
681094,9624,3592
681299,3542,8440
681464,9250,1852
682532,856,7772
682665,5565,9890
683447,9904,4880
685158,8170,4654
686573,5297,3063
690979,7885,6041
693437,5537,1494
695109,8431,4079
695703,453,3646
696315,8756,3697
697352,6147,2076
698162,2958,1064
698344,2583,2841
698519,9280,2405
698923,532,8235
699638,3063,3858
700046,6222,9779
700473,4082,9664
702383,8292,4455
703124,9627,6454
705050,9785,6017
705389,2800,2138
707619,6837,4907
708809,5758,8228
713862,8986,5935
714931,2749,2989
718325,7828,122
721580,2001,3531
723125,7373,1648
723345,3934,4240
724515,2770,5115
725317,7582,9589
725647,6273,6482
730648,4948,8038
730918,5894,8502
730935,5263,4333
731121,6679,8485
731695,3670,509
734548,8434,7906
734788,7333,3584
734879,5065,9884
736551,5115,4073
739078,3770,9509
739710,4602,7817
742454,3282,7569
745285,245,2050
745525,370,1412
747164,5051,6468
747516,3351,6396
748298,9238,2072
748479,7076,8952
748637,6745,1232
749086,3635,975
750543,8510,682
751602,6419,6792
752579,4550,4424
754045,17,1215
756333,6324,2191
756590,2624,5552
756611,8321,9348
757705,7812,3757
758661,9385,240
759073,7617,1734
759505,7921,3648
759840,5647,6923
761332,7346,738
762685,9696,6570
762996,283,929
763369,8091,5956
764015,122,2558
764459,1482,6454
764929,6070,7870
765182,4611,8656
765256,2784,2372
765633,8323,220
768435,4502,7694
768899,6511,7475
769076,4668,6534
769261,5807,7781
769964,1846,730
773116,5616,1864
773962,112,5379
774557,9094,8946
777485,3574,7613
778661,9197,6534
779695,1499,2794
782602,5651,2805
783102,8497,1787
783178,1439,7064
784009,37,8895
784163,7323,2007
784758,9031,7159
785399,318,5480
785724,1635,9238
785905,8071,1160
787316,49,7439
787399,6524,6581
788274,5254,7870
788534,9226,2739
789000,3794,7745
790009,7817,2935
791382,5522,3287
793152,7395,6565
793835,5816,3207
794406,1116,1978
795416,645,3833
796480,8150,3435
796657,5134,8131
798836,7651,4774
800244,8529,4294
800581,2668,5115
801186,8578,4995
802181,2451,3041
802941,3968,7002
802969,3783,7578
803131,2645,6988
803854,8929,7837
807146,3389,1306
807313,3910,1362
809165,1093,812
811452,5496,7115
811691,5078,3302
813907,2825,5714
815686,7627,6441
816251,4700,3611
816618,7506,1310
818336,1850,8369
820332,8422,7085
820363,1110,4239
821268,9868,6611
821996,560,6296
822157,3619,9571
822476,9432,6802
822490,7583,3842
822725,2480,5803
823691,6415,6215
824210,5108,6154
828178,1096,9267
828731,7655,3730
830000,5602,8975
832009,2342,3111
832448,2066,3620
832535,2607,5171
833919,2282,9666
834579,3483,4490
835336,8473,7579
835521,8742,4018
839544,768,4263
839970,1586,7857
841322,6556,8792
841677,9075,2507
841887,6975,6122
841909,7259,5485
845841,262,9357
846984,5381,4292
848386,4404,4853
850039,3611,8652
850637,8189,323
850830,1923,2058
851448,8375,9188
852385,3568,2249
853612,6747,5415
853907,1585,4515
855184,9275,9458
855340,1721,8494
857382,1363,5549
859015,6512,4495
860350,7415,1192
860702,9135,9762
861563,9275,1023
863074,8446,3967
863764,744,1496
864571,4232,3188
865912,5282,9410
866121,1997,6214
866309,930,7057
866351,6664,8880
866405,5474,6625
866610,7449,1488
866676,8484,8219
867190,866,1710
867688,6281,835
868213,7804,3104
868873,7600,4055
869299,5054,7633
872519,8573,9037
873973,1271,9772
876990,2348,5362
877634,679,5763
878472,4175,2936
878562,4122,9313
879185,7969,8375
879741,9176,6255
880680,3568,6971
881129,4303,1399
883279,9146,6950
883630,304,8350
883804,5538,6829
885965,4768,4358
886175,7446,851
887168,3539,9567
887490,3620,6743
888237,1096,6977
888417,5366,1713
888628,4030,4665
888720,9418,8596
891353,1546,8857
892842,6697,5518
893936,4430,9613
894505,232,7024
894741,8676,3404
895021,2919,6995
895022,122,3530
895407,5697,5654
895794,4099,9113
897491,6993,1525
897559,1128,8720
897926,9955,3805
899749,2258,5055
900805,2669,7465
901624,8053,1064
902629,8054,3985
902842,6777,5172
902964,2545,5605
903834,2673,4454
904011,590,5185
904104,9098,2425
904984,2151,8411
906040,2688,6680
906140,9902,1250
906308,2774,3703
906711,397,9509
907469,4794,2817
908375,2496,6976
908511,1646,3472
908841,6433,6095
909462,690,8629
911490,4276,5585
911919,2610,7189
914480,8154,1568
914589,6517,7682
914639,5407,4724
914804,3579,4185
914840,4238,988
915011,8401,8815
915622,4861,7647
918845,9866,6834
923564,9783,1661
924521,855,5136
927051,4502,3130
928832,7198,6528
930106,9602,8836
930482,7527,1016
930786,8904,8242
931702,8170,7507
932834,7114,3092
933005,3057,7061
933605,4395,8012
934099,8225,8283
934395,5798,9772
934530,6259,1401
934839,9382,3496
935656,5246,604
935794,3851,1856
936139,6913,5690
937661,3359,2150
937971,4688,6361
938022,4115,659
938539,7028,8964
938918,8680,3556
939753,6669,6140
942427,3894,1347
944508,915,1008
944838,1270,1836
946369,6007,8816
946371,1126,7610
947541,115,4955
947602,6753,4778
949645,6467,3375
950704,6968,5979
950881,1240,9917
950921,4709,4013
951498,2911,3451
951635,0,9134
952854,4134,1541
954506,6816,1512
955084,1563,2232
956579,6690,5215
957020,8920,2145
957077,9254,4019
958611,5048,612
960093,7296,5777
960340,1845,3358
961146,2116,8814
961483,6269,7678
964571,3489,7136
964894,6371,9787
964959,8416,5953
964999,2527,4017
969727,5930,4961
971387,1540,9443
974072,6650,193
974405,5683,4249
976622,3625,1436
977575,4699,5471
978738,2280,7659
979152,6560,8262
979274,5457,3454
979830,1240,2869
980508,5052,8346
982551,2275,8786
983932,9604,5062
984906,4037,9521
985148,2738,751
985260,4182,6287
985266,1042,6685
985349,8802,8997
988625,8851,7226
989175,5807,5041
989241,6306,9140
989591,5691,5375
989961,2762,4374
991755,4835,4001
991934,3775,2335
992332,470,5635
992985,250,5147
993117,5616,8287
994597,7596,4904
994648,3667,6918
994792,3325,5698
996147,1525,6508
996445,4287,7943
997161,2713,4212
